nih,aamc
ALBANY MEDICAL COLLEGE,Albany
ALBERT EINSTEIN COLLEGE OF MEDICINE,Einstein
AUGUSTA UNIVERSITY,MC Georgia Augusta
BAYLOR COLLEGE OF MEDICINE,Baylor
BOSTON UNIVERSITY MEDICAL CAMPUS,Boston
BROWN UNIVERSITY,Brown-Alpert
CASE WESTERN RESERVE UNIV/CLEVELAND CLINIC LERNER,Case Western Reserve
CITY COLLEGE OF NEW YORK,CUNY
COLUMBIA UNIVERSITY HEALTH SCIENCES,Columbia-Vagelos
CREIGHTON UNIVERSITY,Creighton
DARTMOUTH COLLEGE,Dartmouth-Geisel
DREXEL UNIVERSITY,Drexel
DUKE UNIVERSITY,Duke
EAST CAROLINA UNIVERSITY,East Carolina-Brody
EAST TENNESSEE STATE UNIVERSITY,East Tennessee-Quillen
EASTERN VIRGINIA MEDICAL SCHOOL,Eastern Virginia
EMORY UNIVERSITY,Emory
FLORIDA ATLANTIC UNIVERSITY,Florida Atlantic-Schmidt
FLORIDA INTERNATIONAL UNIVERSITY,FIU-Wertheim
FLORIDA STATE UNIVERSITY,Florida State
GEORGE WASHINGTON UNIVERSITY,George Washington
GEORGETOWN UNIVERSITY,Georgetown
HARVARD MEDICAL SCHOOL,Harvard
HOWARD UNIVERSITY,Howard
ICAHN SCHOOL OF MEDICINE MOUNT SINAI,Mount Sinai-Icahn
INDIANA UNIV-PURDUE UNIV INDIANAPOLIS,Indiana
JOHNS HOPKINS UNIVERSITY,Johns Hopkins
LOMA LINDA UNIVERSITY,Loma Linda
LOUISIANA STATE UNIV HSC NEW ORLEANS,LSU New Orleans
LOUISIANA STATE UNIV HSC SHREVEPORT,LSU Shreveport
LOYOLA UNIVERSITY CHICAGO,Loyola Stritch
MARSHALL UNIVERSITY,Marshall-Edwards
MAYO CLINIC ROCHESTER,Mayo-Alix
MEDICAL COLLEGE OF WISCONSIN,MC Wisconsin
MEDICAL UNIVERSITY OF SOUTH CAROLINA,MU South Carolina
MEHARRY MEDICAL COLLEGE,Meharry
MERCER UNIVERSITY MACON,Mercer
MICHIGAN STATE UNIVERSITY,Michigan State
MOREHOUSE SCHOOL OF MEDICINE,Morehouse
NEW YORK MEDICAL COLLEGE,New York Medical
NEW YORK UNIVERSITY SCHOOL OF MEDICINE,NYU-Grossman
NORTHEAST OHIO MEDICAL UNIVERSITY,Northeast Ohio
NORTHWESTERN UNIVERSITY CHICAGO,Northwestern-Feinberg
OHIO STATE UNIVERSITY,Ohio State
OREGON HEALTH & SCIENCE UNIVERSITY,Oregon
PENNSYLVANIA STATE UNIV HERSHEY MED CTR,Penn State
PONCE SCHOOL OF MEDICINE,Ponce
ROSALIND FRANKLIN UNIV OF MEDICINE & SCI,Chicago Med Franklin
ROWAN UNIVERSITY,Cooper Rowan
RUSH UNIVERSITY MEDICAL CENTER,Rush
"RUTGERS, THE STATE UNIVERSITY OF NEW JERSEY",Rutgers New Jersey
SAINT LOUIS UNIVERSITY,Saint Louis
SOUTHERN ILLINOIS UNIVERSITY CARBONDALE,Southern Illinois
SOUTHERN ILLINOIS UNIVERSITY SPRINGFIELD,Southern Illinois
STANFORD UNIVERSITY,Stanford
STATE UNIVERSITY OF NEW YORK BUFFALO,Buffalo-Jacobs
STATE UNIVERSITY OF NEW YORK STONY BROOK,Renaissance Stony Brook
SUNY DOWNSTATE MEDICAL CENTER,SUNY Downstate
TEMPLE UNIVERSITY,Temple-Katz
TEXAS A&M UNIVERSITY HEALTH SCIENCE CENTER,Texas A & M
TEXAS TECH UNIVERSITY HEALTH SCIENCES CENTER,Texas Tech
THOMAS JEFFERSON UNIVERSITY,Jefferson-Kimmel
TUFTS UNIVERSITY BOSTON,Tufts
TULANE UNIVERSITY OF LOUISIANA,Tulane
UNIV OF MASSACHUSETTS MED SCH WORCESTER,Massachusetts
UNIVERSIDAD CENTRAL DEL CARIBE,Caribe
UNIVERSITY OF ALABAMA BIRMINGHAM,Alabama
UNIVERSITY OF ARIZONA,Arizona
UNIVERSITY OF ARKANSAS FOR MEDICAL SCIENCES,Arkansas
UNIVERSITY OF CALIFORNIA DAVIS,UC Davis
UNIVERSITY OF CALIFORNIA IRVINE,UC Irvine
UNIVERSITY OF CALIFORNIA LOS ANGELES,UCLA-Geffen
UNIVERSITY OF CALIFORNIA RIVERSIDE,UC Riverside
UNIVERSITY OF CALIFORNIA SAN DIEGO,UC San Diego
UNIVERSITY OF CALIFORNIA SAN FRANCISCO,UC San Fransisco
UNIVERSITY OF CENTRAL FLORIDA,UCF
UNIVERSITY OF CHICAGO,Chicago-Pritzker
UNIVERSITY OF CINCINNATI,Cincinnati
UNIVERSITY OF COLORADO DENVER,Colorado
UNIVERSITY OF CONNECTICUT SCH OF MED/DNT,Connecticut
UNIVERSITY OF FLORIDA,Florida
UNIVERSITY OF HAWAII MANOA,Hawaii-Burns
UNIVERSITY OF ILLINOIS CHICAGO,Illinois
UNIVERSITY OF ILLINOIS URBANA-CHAMPAIGN,Illinois
UNIVERSITY OF IOWA,Iowa-Carver
UNIVERSITY OF KANSAS MEDICAL CENTER,Kansas
UNIVERSITY OF KENTUCKY,Kentucky
UNIVERSITY OF LOUISVILLE,Louisville
UNIVERSITY OF MARYLAND BALTIMORE,Maryland
UNIVERSITY OF MIAMI SCHOOL OF MEDICINE,Miami-Miller
UNIVERSITY OF MICHIGAN ANN ARBOR,Michigan
UNIVERSITY OF MINNESOTA,Minnesota
UNIVERSITY OF MISSISSIPPI MED CTR,Mississippi
UNIVERSITY OF MISSOURI COLUMBIA,Missouri Columbia
UNIVERSITY OF MISSOURI KANSAS CITY,Missouri Kansas City
UNIVERSITY OF NEBRASKA MEDICAL CENTER,Nebraska
UNIVERSITY OF NEVADA RENO,Nevada Reno
UNIVERSITY OF NEW MEXICO HEALTH SCIENCES CTR,New Mexico
UNIVERSITY OF NORTH CAROLINA CHAPEL HILL,North Carolina
UNIVERSITY OF NORTH DAKOTA,North Dakota
UNIVERSITY OF NORTH TEXAS HLTH SCI CTR,TCU UNTHSC
UNIVERSITY OF OKLAHOMA HLTH SCIENCES CTR,Oklahoma
UNIVERSITY OF PENNSYLVANIA,Pennsylvania-Perelman
UNIVERSITY OF PITTSBURGH,Pittsburgh
UNIVERSITY OF PUERTO RICO MEDICAL SCIENCES,Puerto Rico
UNIVERSITY OF ROCHESTER,Rochester
UNIVERSITY OF SOUTH ALABAMA,South Alabama
UNIVERSITY OF SOUTH CAROLINA COLUMBIA,South Carolina Columbia
UNIVERSITY OF SOUTH DAKOTA,South Dakota-Sanford
UNIVERSITY OF SOUTH FLORIDA,USF-Morsani
UNIVERSITY OF SOUTHERN CALIFORNIA,Southern Cal-Keck
UNIVERSITY OF TENNESSEE HEALTH SCI CTR,Tennessee
UNIVERSITY OF TEXAS AUSTIN,UT Austin-Dell
UNIVERSITY OF TEXAS HLTH SCI CTR HOUSTON,UT Houston-McGovern
UNIVERSITY OF TEXAS HLTH SCI CTR SAN ANTONIO,UT San Antonio-Long
UNIVERSITY OF TEXAS MED BR GALVESTON,UT Medical Branch
UNIVERSITY OF TEXAS RIO GRANDE VALLEY,UT Rio Grande Valley
UNIVERSITY OF TEXAS SOUTHWESTERN DALLAS,UT Southwestern
UNIVERSITY OF TOLEDO HEALTH SCIENCE CAMPUS,Toledo
UNIVERSITY OF UTAH,Utah
UNIVERSITY OF VERMONT,Vermont-Larner
UNIVERSITY OF VIRGINIA,Virginia
UNIVERSITY OF WASHINGTON,U Washington
UNIVERSITY OF WISCONSIN MADISON,Wisconsin
UPSTATE MEDICAL UNIVERSITY,SUNY Upstate
VANDERBILT UNIVERSITY,Vanderbilt
VIRGINIA COMMONWEALTH UNIVERSITY,Virginia Commonwealth
VIRGINIA POLYTECHNIC INST AND STATE UNIV,Virginia Tech Carilion
WAKE FOREST UNIVERSITY HEALTH SCIENCES,Wake Forest
WASHINGTON STATE UNIVERSITY,Washington State-Floyd
WASHINGTON UNIVERSITY ST LOUIS,Washington U St Louis
WAYNE STATE UNIVERSITY,Wayne State
WEILL MEDICAL COLLEGE OF CORNELL UNIVERSITY,Cornell-Weill
WEST VIRGINIA UNIVERSITY,West Virginia
WRIGHT STATE UNIVERSITY,Wright State-Boonshoft
YALE UNIVERSITY,Yale
